,,,,,,,
고객센터 1:1문의,,,,,,,
문의번호,회원번호,질문유형번호,제목,내용,작성일,답변,답변일
1,8,,ㄴㅁㅇㄻㄴㅇㄹ,ㄴㅁㅇㄻㄴㅇㄹ,2022-11-11,,
2,8,,ㄴㅁㅇㄻㄴㅇㄹ,ㄴㅁㅇㄻㄴㅇㄹ,2022-11-12,,
3,10,,ㄴㅁㅇㄻㄴㅇㄹ,ㄴㅁㅇㄻㄴㅇㄹ,2022-11-13,,
4,10,,ㄴㅁㅇㄻㄴㅇㄹ,ㄴㅁㅇㄻㄴㅇㄹ,2022-11-14,,
5,10,,ㄴㅁㅇㄻㄴㅇㄹ,ㄴㅁㅇㄻㄴㅇㄹ,2022-11-15,,
6,11,,ㄴㅁㅇㄻㄴㅇㄹ,ㄴㅁㅇㄻㄴㅇㄹ,2022-11-16,,
7,15,,ㄴㅁㅇㄻㄴㅇㄹ,ㄴㅁㅇㄻㄴㅇㄹ,2022-11-17,,
8,19,,ㄴㅁㅇㄻㄴㅇㄹ,ㄴㅁㅇㄻㄴㅇㄹ,2022-11-18,,
9,21,,ㄴㅁㅇㄻㄴㅇㄹ,ㄴㅁㅇㄻㄴㅇㄹ,2022-11-19,,
10,25,,ㄴㅁㅇㄻㄴㅇㄹ,ㄴㅁㅇㄻㄴㅇㄹ,2022-11-20,,
11,25,,ㄴㅁㅇㄻㄴㅇㄹ,ㄴㅁㅇㄻㄴㅇㄹ,2022-11-21,,
12,30,,ㄴㅁㅇㄻㄴㅇㄹ,ㄴㅁㅇㄻㄴㅇㄹ,2022-11-22,,
13,31,,ㄴㅁㅇㄻㄴㅇㄹ,ㄴㅁㅇㄻㄴㅇㄹ,2022-11-23,,
14,39,,ㄴㅁㅇㄻㄴㅇㄹ,ㄴㅁㅇㄻㄴㅇㄹ,2022-11-24,,
15,41,,ㄴㅁㅇㄻㄴㅇㄹ,ㄴㅁㅇㄻㄴㅇㄹ,2022-11-25,,
16,42,,ㄴㅁㅇㄻㄴㅇㄹ,ㄴㅁㅇㄻㄴㅇㄹ,2022-11-26,,
17,45,,ㄴㅁㅇㄻㄴㅇㄹ,ㄴㅁㅇㄻㄴㅇㄹ,2022-11-27,,
18,47,,ㄴㅁㅇㄻㄴㅇㄹ,ㄴㅁㅇㄻㄴㅇㄹ,2022-11-28,,
19,48,,ㄴㅁㅇㄻㄴㅇㄹ,ㄴㅁㅇㄻㄴㅇㄹ,2022-11-29,,
20,49,,ㄴㅁㅇㄻㄴㅇㄹ,ㄴㅁㅇㄻㄴㅇㄹ,2022-11-30,,