1,5,나 낼 출근할 수 있을까?,상사가 민트초코국밥 시켜서 진짜 이건 아니다 싶어서 한판 뜨고옴 ㅎㄷㄷㄷ,2022-08-14,1445.img
2,5,나 엄마랑 싸웠어,바람때문에 방문이 세게 닫힌건데 엄마가 문 세게 닫지 말라고 뭐라 함 ㅜ ,2022-08-15,1445.img
3,5,나 낼 출근할 수 있을까?,상사가 민트초코국밥 시켜서 진짜 이건 아니다 싶어서 한판 뜨고옴 ㅎㄷㄷㄷ,2022-08-16,1445.img
4,6,나 낼 출근할 수 있을까?,상사가 민트초코국밥 시켜서 진짜 이건 아니다 싶어서 한판 뜨고옴 ㅎㄷㄷㄷ,2022-08-17,1445.img
5,7,나 엄마랑 싸웠어,바람때문에 방문이 세게 닫힌건데 엄마가 문 세게 닫지 말라고 뭐라 함 ㅜ ,2022-08-18,1445.img
6,8,무단횡단하는 아줌마 만남,신고해야징 쿠쿠루삥뽕,2022-08-19,1445.img
7,9,무단횡단하는 아줌마 만남,신고해야징 쿠쿠루삥뽕,2022-08-20,1445.img
8,9,나 엄마랑 싸웠어,바람때문에 방문이 세게 닫힌건데 엄마가 문 세게 닫지 말라고 뭐라 함 ㅜ ,2022-08-21,1445.img
9,9,신방뿡빵??,이게 또 요새 새로운 신조어래 알고들 있었어?,2022-08-22,1445.img
10,10,무단횡단하는 아줌마 만남,신고해야징 쿠쿠루삥뽕,2022-08-23,1445.img
11,14,신방뿡빵??,이게 또 요새 새로운 신조어래 알고들 있었어?,2022-08-24,1445.img
12,14,신방뿡빵??,이게 또 요새 새로운 신조어래 알고들 있었어?,2022-08-25,1445.img
13,17,나 엄마랑 싸웠어,바람때문에 방문이 세게 닫힌건데 엄마가 문 세게 닫지 말라고 뭐라 함 ㅜ ,2022-08-26,1445.img
14,18,무단횡단하는 아줌마 만남,신고해야징 쿠쿠루삥뽕,2022-08-27,1445.img
15,18,무단횡단하는 아줌마 만남,신고해야징 쿠쿠루삥뽕,2022-08-28,1445.img
16,20,신방뿡빵??,이게 또 요새 새로운 신조어래 알고들 있었어?,2022-08-29,1445.img
17,21,신방뿡빵??,이게 또 요새 새로운 신조어래 알고들 있었어?,2022-08-30,1445.img
18,25,무단횡단하는 아줌마 만남,신고해야징 쿠쿠루삥뽕,2022-08-31,1445.img
19,25,나 엄마랑 싸웠어,바람때문에 방문이 세게 닫힌건데 엄마가 문 세게 닫지 말라고 뭐라 함 ㅜ ,2022-09-01,1445.img
20,25,나 낼 출근할 수 있을까?,상사가 민트초코국밥 시켜서 진짜 이건 아니다 싶어서 한판 뜨고옴 ㅎㄷㄷㄷ,2022-09-02,1445.img
21,27,신방뿡빵??,이게 또 요새 새로운 신조어래 알고들 있었어?,2022-09-03,1445.img
22,27,무단횡단하는 아줌마 만남,신고해야징 쿠쿠루삥뽕,2022-09-04,1445.img
23,29,나 낼 출근할 수 있을까?,상사가 민트초코국밥 시켜서 진짜 이건 아니다 싶어서 한판 뜨고옴 ㅎㄷㄷㄷ,2022-09-05,1445.img
24,30,무단횡단하는 아줌마 만남,신고해야징 쿠쿠루삥뽕,2022-09-06,1445.img
25,30,나 엄마랑 싸웠어,바람때문에 방문이 세게 닫힌건데 엄마가 문 세게 닫지 말라고 뭐라 함 ㅜ ,2022-09-07,1445.img
26,31,나 낼 출근할 수 있을까?,상사가 민트초코국밥 시켜서 진짜 이건 아니다 싶어서 한판 뜨고옴 ㅎㄷㄷㄷ,2022-09-08,1445.img
27,33,신방뿡빵??,이게 또 요새 새로운 신조어래 알고들 있었어?,2022-09-09,1445.img
28,33,나 낼 출근할 수 있을까?,상사가 민트초코국밥 시켜서 진짜 이건 아니다 싶어서 한판 뜨고옴 ㅎㄷㄷㄷ,2022-09-10,1445.img
29,35,신방뿡빵??,이게 또 요새 새로운 신조어래 알고들 있었어?,2022-09-11,1445.img
30,36,나 낼 출근할 수 있을까?,상사가 민트초코국밥 시켜서 진짜 이건 아니다 싶어서 한판 뜨고옴 ㅎㄷㄷㄷ,2022-09-12,1445.img
31,37,무단횡단하는 아줌마 만남,신고해야징 쿠쿠루삥뽕,2022-09-13,1445.img
32,37,무단횡단하는 아줌마 만남,신고해야징 쿠쿠루삥뽕,2022-09-14,1445.img
33,37,나 낼 출근할 수 있을까?,상사가 민트초코국밥 시켜서 진짜 이건 아니다 싶어서 한판 뜨고옴 ㅎㄷㄷㄷ,2022-09-15,1445.img
34,38,나 엄마랑 싸웠어,바람때문에 방문이 세게 닫힌건데 엄마가 문 세게 닫지 말라고 뭐라 함 ㅜ ,2022-09-16,1445.img
35,42,신방뿡빵??,이게 또 요새 새로운 신조어래 알고들 있었어?,2022-09-17,1445.img
36,42,나 엄마랑 싸웠어,바람때문에 방문이 세게 닫힌건데 엄마가 문 세게 닫지 말라고 뭐라 함 ㅜ ,2022-09-18,1445.img
37,45,신방뿡빵??,이게 또 요새 새로운 신조어래 알고들 있었어?,2022-09-19,1445.img
38,45,나 낼 출근할 수 있을까?,상사가 민트초코국밥 시켜서 진짜 이건 아니다 싶어서 한판 뜨고옴 ㅎㄷㄷㄷ,2022-09-20,1445.img
39,45,나 엄마랑 싸웠어,바람때문에 방문이 세게 닫힌건데 엄마가 문 세게 닫지 말라고 뭐라 함 ㅜ ,2022-09-21,1445.img
40,47,신방뿡빵??,이게 또 요새 새로운 신조어래 알고들 있었어?,2022-09-22,1445.img
41,47,신방뿡빵??,이게 또 요새 새로운 신조어래 알고들 있었어?,2022-09-23,1445.img
42,47,무단횡단하는 아줌마 만남,신고해야징 쿠쿠루삥뽕,2022-09-24,1445.img
43,47,나 엄마랑 싸웠어,바람때문에 방문이 세게 닫힌건데 엄마가 문 세게 닫지 말라고 뭐라 함 ㅜ ,2022-09-25,1445.img
44,48,나 낼 출근할 수 있을까?,상사가 민트초코국밥 시켜서 진짜 이건 아니다 싶어서 한판 뜨고옴 ㅎㄷㄷㄷ,2022-09-26,1445.img
45,48,무단횡단하는 아줌마 만남,신고해야징 쿠쿠루삥뽕,2022-09-27,1445.img
46,49,신방뿡빵??,이게 또 요새 새로운 신조어래 알고들 있었어?,2022-09-28,1445.img
47,49,나 낼 출근할 수 있을까?,상사가 민트초코국밥 시켜서 진짜 이건 아니다 싶어서 한판 뜨고옴 ㅎㄷㄷㄷ,2022-09-29,1445.img
48,50,무단횡단하는 아줌마 만남,신고해야징 쿠쿠루삥뽕,2022-09-30,1445.img
49,50,무단횡단하는 아줌마 만남,신고해야징 쿠쿠루삥뽕,2022-10-01,1445.img
50,50,나 엄마랑 싸웠어,바람때문에 방문이 세게 닫힌건데 엄마가 문 세게 닫지 말라고 뭐라 함 ㅜ ,2022-10-02,1445.img