,,,,,
댓글,,,,,
댓글번호,피드번호,회원번호,내용,작성일,공개여부
1,13,5,이거 이제 지상파에서 쓰면 끝이다,2022-10-03,0
2,32,5,이거 이제 지상파에서 쓰면 끝이다,2022-10-03,0
3,26,5,무단횡단도 신고하면 돈 주냐?,2022-10-03,0
4,41,6,야 어떻게 시켜도 민트초코국밥을..,2022-10-03,0
5,47,7,선넘네;;,2022-10-03,0
6,46,8,바람때문에 세게 닫힌 건 국룰이지,2022-10-03,0
7,5,9,이거 이제 지상파에서 쓰면 끝이다,2022-10-03,0
8,27,9,이거 이제 지상파에서 쓰면 끝이다,2022-10-03,0
9,37,9,야 어떻게 시켜도 민트초코국밥을..,2022-10-03,0
10,6,10,이 할미도 mz세대 들어갈 수 있을까?,2022-10-03,0
11,17,14,바람때문에 세게 닫힌 건 국룰이지,2022-10-03,0
12,1,14,야 어떻게 시켜도 민트초코국밥을..,2022-10-03,0
13,10,17,야 어떻게 시켜도 민트초코국밥을..,2022-10-03,0
14,39,18,바람때문에 세게 닫힌 건 국룰이지,2022-10-03,0
15,34,18,이거 이제 지상파에서 쓰면 끝이다,2022-10-03,0
16,43,20,선넘네;;,2022-10-03,0
17,48,21,야 어떻게 시켜도 민트초코국밥을..,2022-10-03,0
18,31,25,선넘네;;,2022-10-03,0
19,21,25,이거 이제 지상파에서 쓰면 끝이다,2022-10-04,0
20,18,25,무단횡단도 신고하면 돈 주냐?,2022-10-04,0
21,38,27,바람때문에 세게 닫힌 건 국룰이지,2022-10-04,0
22,20,27,무단횡단도 신고하면 돈 주냐?,2022-10-04,0
23,22,29,이 할미도 mz세대 들어갈 수 있을까?,2022-10-04,0
24,44,30,이 할미도 mz세대 들어갈 수 있을까?,2022-10-04,0
25,14,30,바람때문에 세게 닫힌 건 국룰이지,2022-10-04,0
26,23,31,야 어떻게 시켜도 민트초코국밥을..,2022-10-04,0
27,29,33,선넘네;;,2022-10-04,0
28,25,33,무단횡단도 신고하면 돈 주냐?,2022-10-04,0
29,9,35,무단횡단도 신고하면 돈 주냐?,2022-10-04,0
30,11,36,이 할미도 mz세대 들어갈 수 있을까?,2022-10-04,0
31,40,37,선넘네;;,2022-10-04,0
32,35,37,무단횡단도 신고하면 돈 주냐?,2022-10-04,0
33,3,37,이 할미도 mz세대 들어갈 수 있을까?,2022-10-04,0
34,8,38,바람때문에 세게 닫힌 건 국룰이지,2022-10-04,0
35,30,42,바람때문에 세게 닫힌 건 국룰이지,2022-10-04,0
36,33,42,바람때문에 세게 닫힌 건 국룰이지,2022-10-04,0
37,49,45,이거 이제 지상파에서 쓰면 끝이다,2022-10-04,0
38,45,45,무단횡단도 신고하면 돈 주냐?,2022-10-04,0
39,28,45,바람때문에 세게 닫힌 건 국룰이지,2022-10-04,0
40,19,47,이 할미도 mz세대 들어갈 수 있을까?,2022-10-05,0
41,50,47,무단횡단도 신고하면 돈 주냐?,2022-10-05,0
42,4,47,야 어떻게 시켜도 민트초코국밥을..,2022-10-05,0
43,42,47,야 어떻게 시켜도 민트초코국밥을..,2022-10-05,0
44,24,48,선넘네;;,2022-10-05,0
45,7,48,무단횡단도 신고하면 돈 주냐?,2022-10-05,0
46,2,49,무단횡단도 신고하면 돈 주냐?,2022-10-05,0
47,36,49,선넘네;;,2022-10-05,0
48,15,50,이거 이제 지상파에서 쓰면 끝이다,2022-10-05,0
49,12,50,무단횡단도 신고하면 돈 주냐?,2022-10-05,0
50,16,50,선넘네;;,2022-10-05,0