,,,
리뷰,,,
입장권구매번호,제목,내용,등록일
1,크리스마스 이브를 잇프이벤트에서~,일년에 단 하루인 날을 잇프파티에서ㅎㅎ 구성도 좋고 재밌게 놀다 가요,2022-08-17
2,바베큐 파티에 다녀왔습니다!,데리고 간 일행들도 다들 만족해하며 집에 왔어요:),2022-08-18
3,크리스마스 이브를 잇프이벤트에서~,일년에 단 하루인 날을 잇프파티에서ㅎㅎ 구성도 좋고 재밌게 놀다 가요,2022-08-19
4,크리스마스 이브를 잇프이벤트에서~,일년에 단 하루인 날을 잇프파티에서ㅎㅎ 구성도 좋고 재밌게 놀다 가요,2022-08-20
5,크리스마스 이브를 잇프이벤트에서~,일년에 단 하루인 날을 잇프파티에서ㅎㅎ 구성도 좋고 재밌게 놀다 가요,2022-08-21
6,잇프 이벤트는 할로윈 파티가 제일 bb,이벤트에 종종 참석하는 1인인데 할로윈이 제일 재밌는 거 같아요!!!,2022-08-22
7,바베큐 파티에 다녀왔습니다!,데리고 간 일행들도 다들 만족해하며 집에 왔어요:),2022-08-23
8,잇프 이벤트는 할로윈 파티가 제일 bb,이벤트에 종종 참석하는 1인인데 할로윈이 제일 재밌는 거 같아요!!!,2022-08-24
9,크리스마스 이브를 잇프이벤트에서~,일년에 단 하루인 날을 잇프파티에서ㅎㅎ 구성도 좋고 재밌게 놀다 가요,2022-09-30
10,크리스마스 이브를 잇프이벤트에서~,일년에 단 하루인 날을 잇프파티에서ㅎㅎ 구성도 좋고 재밌게 놀다 가요,2022-10-01
11,바베큐 파티에 다녀왔습니다!,데리고 간 일행들도 다들 만족해하며 집에 왔어요:),2022-10-02
12,바베큐 파티에 다녀왔습니다!,데리고 간 일행들도 다들 만족해하며 집에 왔어요:),2022-10-03
13,잇프 이벤트는 할로윈 파티가 제일 bb,이벤트에 종종 참석하는 1인인데 할로윈이 제일 재밌는 거 같아요!!!,2022-10-04
14,잇프 이벤트는 할로윈 파티가 제일 bb,이벤트에 종종 참석하는 1인인데 할로윈이 제일 재밌는 거 같아요!!!,2022-10-05
15,잇프 이벤트는 할로윈 파티가 제일 bb,이벤트에 종종 참석하는 1인인데 할로윈이 제일 재밌는 거 같아요!!!,2022-10-06
16,바베큐 파티에 다녀왔습니다!,데리고 간 일행들도 다들 만족해하며 집에 왔어요:),2022-10-07
17,바베큐 파티에 다녀왔습니다!,데리고 간 일행들도 다들 만족해하며 집에 왔어요:),2022-10-08
18,잇프 이벤트는 할로윈 파티가 제일 bb,이벤트에 종종 참석하는 1인인데 할로윈이 제일 재밌는 거 같아요!!!,2022-10-09
19,잇프 이벤트는 할로윈 파티가 제일 bb,이벤트에 종종 참석하는 1인인데 할로윈이 제일 재밌는 거 같아요!!!,2022-10-10
20,바베큐 파티에 다녀왔습니다!,데리고 간 일행들도 다들 만족해하며 집에 왔어요:),2022-10-11